628949369883000832	@microsoft	negative	dear @Microsoft the newOoffice for Mac is great and all, but no Lync update? C'mon.
628976607420645377	@microsoft	negative	@Microsoft how about you make a system that doesn't eat my friggin discs. This is the 2nd time this has happened and I am so sick of it!
629023169169518592	@microsoft	negative	Not Available
629179223232479232	@microsoft	negative	Not Available
629226490152914944	@microsoft	positive	Microsoft, I may not prefer your gaming branch of business. But, you do make a damn fine operating system. #Windows10 @Microsoft
629345637155360768	@microsoft	negative	@MikeWolf1980 @Microsoft I will be downgrading and let #Windows10 be out for almost the 1st yr b4 trying it again. #Windows10fail
629394528336637953	@microsoft	negative	@Microsoft 2nd computer with same error!!! #Windows10fail Guess we will shelve this until SP1! http://t.co/QCcHlKuy8Q
629650766580609026	@microsoft	positive	Just ordered my 1st ever tablet; @Microsoft Surface Pro 3, i7/8GB 512GB SSD. Hopefully it works out for dev to replace my laptop =)
629797991826722816	@microsoft	negative	After attempting a reinstall, it still bricks, says, "Windows cannot finish installing," or somesuch. @Microsoft may have cost me $600.
630159517058142208	@microsoft	positive	Sunday morning, quiet day so time to welcome in #Windows10 @Microsoft @Windows http://t.co/7VtvAzhWmV
630542330827771904	@microsoft	negative	Did @Microsoft break Windows 10? Was working fine on Wednesday but now I can't get passed the login screen without it freezing up.
630636736746422272	@microsoft	negative	@MSAU @Microsoft spent over 40 mins &amp; gave up coz it changes just before you print every time. C'mon team. Earn your dosh pls.
630818265799921664	@microsoft	positive	Innovation for jobs is just around the corner - to be exact next Wednesday 8/19 at @Microsoft http://t.co/3DK6ToZeA8 http://t.co/L2wOZcwgRb
631104156187627520	@microsoft	negative	For the 1st time @Skype has a "High Startup impact"   Does anyone at @Microsoft have a clue? #Windows10Fail http://t.co/loO3yd5rwe
631368262979297281	@microsoft	positive	#Vote for @AIESEC to become the 10th Global non profit partner of @Microsoft for us to #UpgradeYourWorld together. @AIESECGermany
631521079245307904	@microsoft	positive	Top 5 most searched for Back-to-School topics -- the list may surprise you http://t.co/Xj21uMVo0p  @bing @MSFTnews #backtoschool @Microsoft
631543121407442946	@microsoft	negative	@Microsoft support for 365 has been terrible. On the phone for an hour then got dropped. So far not worth the headache. May ask for refund.
631792365590695936	@microsoft	negative	Not Available
631843393971204097	@microsoft	positive	@taehongmin1 We have an IOT workshop by @Microsoft at 11PM on the Friday - definitely worth going for inspiration! #HackThePlanet
632374683334258688	@microsoft	negative	Hey @Microsoft, I reserved my copy of @Windows 10 back in June, but i haven't been invited to download. Any updates on the timeline?
632536348419690496	@microsoft	negative	@eyesonfoxorg @Microsoft I'm still using Vista on one &amp; Win-7 on another, Vista is a dinosaur, unfortunately I may use a free 10 with limits
632805868334153728	@microsoft	negative	@Microsoft Is it normal that it takes hours to check the email name for creating an microsoft account? 2nd try!
632810315227467776	@microsoft	negative	@MisterMetokur @Microsoft @ATT @NSAGov That's confidential and privileged information sir. No matter how great the sex may or may not be.
632983468188696576	@microsoft	negative	@Microsoft you may want to fix this... http://t.co/pxg1yPddcm
633041928922132480	@microsoft	negative	After 75 minutes of being on hold with @Microsoft in India 1-800-936-5700 "Adrian" wants to transfer my call again (3rd time) #Windows10Fail
633119630417129476	@microsoft	negative	@Microsoft On hold with support for 52 minutes now. C'mon.
633500866096574464	@microsoft	negative	Beyond frustrated with my #Xbox360 right now, and that as of June, @Microsoft doesn't support it. Gotta find someone else to fix the drive.
633594289029808128	@microsoft	negative	@Microsoft Heard you are a software company. Why then is most of your software so bad that it has to be replaced by 3rd party apps?
633694793852407808	@microsoft	positive	PAX Prime Thursday is overloaded for me with @Microsoft and Nintendo indie events going down. Also, cider!!! :p
633757225945665537	@microsoft	positive	I traveled to Redmond today. I'm visiting with @Microsoft @SQLServer engineers tomorrow - at their invitation. Feeling excited.
634005885371711489	@microsoft	positive	Have you heard the news? Our next meetup is on September 10th with Ryan Berry of @Microsoft! RSVP now for free -&gt; http://t.co/QOp26oct4f
634036617632546816	@microsoft	negative	@Microsoft @Windows Daily windows updates suck! W/ all the $$$ and drones U have working 4 U, maybe U guys could get it right the 1st time?
634098901025484800	@microsoft	negative	Call from "John" @Microsoft "hello, i'd like to look at your computer, over the phone" Me:" ok, may I ask why your calling about my..(1/2)
634107085647511553	@microsoft	positive	We're excited to learn about #cloud #analytics from @Microsoft tomorrow! Join us https://t.co/p0bMREBBHC #tech #rva http://t.co/1XHmPdSvzq
634169076210733056	@microsoft	positive	Pet adoptions are $10 this Friday @BFAS_LA thanks to @Microsoft @Windows. #Upgradeyourworld with a new best friend! http://t.co/0aI2QiBbCR
634299598467678208	@microsoft	negative	@TechCrunch the phone will be too tall and bulky and annoying to tolerate use. @Microsoft may lose it like @BlackBerry has
634364883040006144	@microsoft	negative	I thought @Microsoft was retiring the Lumia line to give way to Surface Mobile? I guess not. https://t.co/7NRWeBqjEN
634517732067778561	@microsoft	negative	@microsoft using Office 2013's Bing dictionary. type in "bound." This is the 3rd picture they show me. WTF?... http://t.co/VzwGIoLxco
634657299680858113	@microsoft	negative	@Microsoft "For a limited time"   What about an eternally lasting NO &amp; plz shove Cortana where the sun doesn't shine http://t.co/RLKSqTMneH
634709942088409088	@microsoft	positive	Good Friday morning. This city is changing. Are you with it? #300MenMarch @targetnews @mcdonalds @BP_America @cocacola @microsoft @comcast
634728738941456384	@microsoft	positive	http://t.co/luX5VvBrmJ   Register 4 the NACR Skype for Business event with @Microsoft for Sept 16th Chevy Chase, MD #skype4B #contactcenter
634877877725569025	@microsoft	positive	Did you know our Lunch&amp;Learns are now open to the public? Join us on August 31 with @asaunders from @Microsoft! https://t.co/FdPz5JcqI6
634921865916452864	@microsoft	negative	I've just been told for the 5th time that my case number "will be escalated" to a Level II tech by @MicrosoftHelps @Microsoft @Windows
634926683284336640	@microsoft	negative	Now I'm trying to get to @MicrosoftHelps @Microsoft @Windows support online for about the 5th time.m
635528136743092224	@microsoft	negative	Spending the day on the phone with @Microsoft. This is not how I wanted to spend my Sunday
635658548265947136	@microsoft	positive	@Microsoft may just reinvent personal computing  http://t.co/dTVc3mtEO3  via @BusinessInsider  #HoloLens #Microsoft http://t.co/TrKifgMfTO
635795783099387904	@microsoft	positive	@Microsoft - congratulations on the 20th Birth Anniversary of @Windows 95.  20 years since we've come to love you (&amp; backward compatibility)
635914448121626624	@microsoft	positive	Looks like @Microsoft may still be in the handset/smartphone business!  #SurfacePhone #Windows10 http://t.co/SubGXXMqlz
636062553009987584	@microsoft	positive	Enjoying feasibility workshop replacing #Cognos with @Microsoft #BI. 4th customer in less than a year!
636842896524726273	@microsoft	negative	@Microsoft @MicrosoftHelps For the 2nd time I have been charged for something I wasnt made aware of. Person on the phone didn't care.
636861074256592896	@microsoft	negative	I hate you @Adobe, u crash more then any other application Tho @Microsoft office ur close 2nd U both can share #firstplace 4 my dislike 2day
636978321222467584	@microsoft	negative	Not Available
637025180687167488	@microsoft	negative	@tomwarren @microsoft the lumia cityman looks terrible and its blue not Cyan?! Buttons may be too small. #Lumia 730/735 has a superior look.
637338158997180416	@microsoft	positive	@business @google @Microsoft - nothing new under the sun! History always repeats! @Bershidsky - Brilliant article, thanks.
637830987108343808	@microsoft	negative	3rd rep just hung up on me. Absolutely devastated at how @microsoft's customer service treated me, wow.
638219008542535680	@microsoft	negative	@Microsoft may you PLEASE release versions of Windows when its stable Windows 10 is no where near stable!
638268341052948480	@microsoft	positive	Startup your Monday in the right way. Apply 2 our Pitch battle by @microsoft at #jointheUPRISE http://t.co/MoWnEAObqk http://t.co/Fkl9WdFkUZ
638497802344091648	@microsoft	positive	@Microsoft you guys may piss me off with the Xbone but the Windows 10 lock screen facts make brighten my day a lot.
638570993397682177	@microsoft	positive	I can't wait to speak at @Microsoft's #MSAPC2015 event tomorrow, then fly to #NYC for the weekend, &amp; then #INBOUND15! http://t.co/WwOUjsslKt
638618791711084544	@microsoft	positive	Happy hour at @Microsoft #msapc2015 with @sarahvaughan and friends. Good luck for tomorrow's keynote http://t.co/emvqoeRS6j
638881767542263808	@microsoft	positive	#llvm 3.7 is the 2nd release to incorporate contributions from my team at @microsoft. Congrats to all involved! :) https://t.co/IUtbNxonfw
639102028296376320	@microsoft	negative	no diff from @Microsoft with BitLocker =at some point, platforms should provide data at rest encryption built in https://t.co/KATCGJER4W
639160139820498944	@microsoft	positive	Every time I use a paperclip I think of Clippy from @Microsoft Word. He may have (finally) left my screen, but he will never leave my brain!
639352599288877056	@microsoft	negative	@vukosi @Microsoft Please have a look at this link and see if the errors mentioned may correspond to your errors. http://t.co/9Tj4Nhkoyo
639451183342596096	@microsoft	negative	Why does @Microsoft make it so hard to reset my @skype password? RIDICULOUS. Still not sure why password stopped working in the 1st place!
639580199303016448	@microsoft	positive	All NGO/NPOs should know about @techsoup: free/VERY low-cost software from @symantec, @Microsoft @Adobe &amp; lots more! https://t.co/MS5L2vzTxJ
639716079430967296	@microsoft	negative	@Microsoft why is the game evolve only available until Monday on the Xbox one? Why don't you just give it to us for free?
639820535917092864	@microsoft	positive	@festivaluprise @Microsoft Good luck to all Pitch Battlers. May the best pitch win!
639902509566414848	@microsoft	negative	And @Microsoft's Mail, Calendar, Music, and Video apps have been rewritten for the third time in four years... https://t.co/Rn27JuMGMP
639935724033339393	@microsoft	positive	Look @Qualcomm I found the 1st #Snapdragon Phone in my stuff from #Toshiba and @Microsoft. Still Working :) http://t.co/dLbuag6QDU
640261386417897473	@microsoft	negative	@microsoft ur company will give me my 500 pounds plus the cost of the laptop on Monday for what u did to my laptop!
640510504159584256	@microsoft	positive	Thank you to @Microsoft for inviting us to join them at the #IBCShow in Amsterdam next Thursday - http://t.co/AuaXij5BQL
640668469315403776	@microsoft	negative	@tomwarren seems like @Microsoft may have bit off more than they could chew, with the state of W10 mobile and core apps on mobile &amp; PC.
640736865499217920	@microsoft	negative	Hey @Microsoft, fuck you. I don't have Internet until Thursday and my Xbox one won't even let me sign onto my account offline.
640871644844572672	@microsoft	negative	@ @Microsoft  3rd time my Lumia handset submitted in service Centre in last 8 Months, No one is looking into it. Need replacement of my 930
640987727492722688	@microsoft	positive	Should you upgrade to @Microsoft's new OS, #Windows10?  Lunch-and-Learn, in #PalmCoast, this Wednesday, Sept 9th: http://t.co/kKXfJhDGW5
641024489870987264	@microsoft	positive	#Producers Catch me in Dallas Sept 12th at the @Microsoft event.  Also at @A3C in #ATL for the On The Spot Beat Shopping!
641382034678661120	@microsoft	negative	@Lumia #Lumia @Microsoft 2nd, you guys haven't released a lumia that has a QHD screen, or takes video in 2k resolution yet.
641626118949326848	@microsoft	positive	.@Microsoft's patch Tuesday incorporated 56 fixes for #security #vulnerabilities - some with active #exploits http://t.co/R6Yz9m57JT insane!
641666486793203712	@microsoft	positive	That may just be the most shocking moment of todays #AppleEvent, @Microsoft doing a demo on the new #iPadPro.....
630871616575139840	ac/dc	positive	6 years ago this weekend, I saw AC/DC at United Center on a Friday and Blink-182 in Tinley the next day. it was the best weekend ever.
631201229075533825	ac/dc	positive	No power at home, sat in the dark listening to AC/DC in the hope that it'll make the electricity come back
632260719245967360	ac/dc	positive	Take the Highway to Dundas and check out FTATR (AC/DC cover band) on Sat at 6pm on the Main Stage! #dundascactus40 http://t.co/xiQdkga2Bk
632266628600889344	ac/dc	positive	Can't beat it. Friday night, no kids, a few beers, listening to Taylor Swift....no, wait! I meant AC/DC. Motorhead!
632293803072729089	ac/dc	positive	Requests for Oasis, Steve Miller Band, AC/DC, Big Country &amp; The Banter Thiefs all make the cut for tomorrow's #MFCLive Playlist.
632358269168807936	ac/dc	positive	@MikkiC1115 yes I'll be there. Also have AC/DC on the 26th and Buckcherry at Starland on the 28th before the carney!
632362695602245632	ac/dc	positive	@annkillion Best day on the Green for me was Aerosmith, Foreigner, Pat Travers, Van Halen, AC/DC, (July 23, 1978).
632477400178233344	ac/dc	positive	@suziperry Also I am off to New York in 7 days to see AC/DC (my ultimate faves) for the 29th time-followed by Van Halen the night after!
632557193376587776	ac/dc	positive	Going from AC/DC to ABBA and back again is quite the mind fuck on a Saturday morning!  Thank goodness I can handle it!!  @FizzButtonCC
632598549872672768	ac/dc	positive	Listening to early, live, AC/DC, covering Chuck Berry, while driving a black capri, with the windows down, in the sun. It's a good day.
632884348430237696	ac/dc	positive	Hello lovelies again! Super Sunday. Thai food, AC/DC raunchy dancing during warm up, you lot and the Boys. More season 1, I'm a lucky woman
633367771191971840	ac/dc	positive	AC/DC with Vintage Trouble at Gillette Stadium on Sat, 8/22! Limited tix are available at http://t.co/eg2rut3Lv8 http://t.co/ROW0b2lfkh
633464854737633280	ac/dc	positive	When you realize classes start the 9th so the AC/DC concert will be the best concert since Eminem and Jay-Z #thatwasgoat
633547870327717888	ac/dc	positive	Just turned 16. Hitched from Newcastle to get there. Went for AC/DC, left obsessed with Van Halen. Carefree days. https://t.co/ZwE9vSPjIK
633662951778557952	ac/dc	positive	1981 Gino is pretty damn impressed with 2015 Gino for going to see AC/DC in Foxborough on Saturday.
633684233005895680	ac/dc	positive	I have 2 extra tickets (on the field!) for the AC/DC concert on Saturday night at Gillette Stadium.  I'm looking... http://t.co/q2YaY6S3ch
633837726106841088	ac/dc	positive	BACK IN BLACK by AC/DC was no.1 in the UK album charts on 18 August 1980
634596962608672768	ac/dc	positive	AC/DC will win #rock1000 with Thunderstruck! Has not won before but come 2nd at least once! @therockfm
634728000702021632	ac/dc	positive	Red Sox game I have tickets to tonight may get rained out, same with AC/DC concert tomorrow night. Somebody give me some good news...
634733114456166400	ac/dc	positive	Fuck it. Closed the job down early to grab a flight to Boston for AC/DC concert tomorrow. Ride the highs of free money yo. #LookoutBoston
634790760408350720	ac/dc	positive	[Reddit] - If you're going to AC/DC tomorrow at Gillette, don't forget your Free Brady shirt! http://t.co/9xZibJVMvO
634842103588233217	ac/dc	negative	Promised to take my niece to AC/DC tomorrow.  Soooo not in the mood now.
634869623075303424	ac/dc	positive	@GoldenBrookss @hab4lyf73  Right now, don't have any for the weekend. By Tuesday heading to AC/DC concert and then NYC!
634871374897643520	ac/dc	positive	@senatorjohn You going to AC/DC tomorrow night? #RockOrBustWorldTour
634896402594836484	ac/dc	positive	@ericfisher @cbsboston Eric, how is the weather for the AC/DC concert tomorrow night at Gillette looking?
635091272223617024	ac/dc	positive	Surprising my mom with AC/DC tickets for Wednesday. Just going to show up
635116963971342337	ac/dc	positive	Sitting 14th row for AC/DC tonight!! Let's go!
635541261332578305	ac/dc	positive	Not Available
635619836538822657	ac/dc	positive	Having dinner with @maysoonzayid to plan 12th annual  NY Arab American comedy festival and AC/DC walked in. But couldn't get a photo
635858634027724800	ac/dc	positive	@JakeAReid planning on AC/DC live in Moncton? Coming up sooner than later, in Montreal on the 31st. At the big "O".
635952446402072576	ac/dc	positive	@smilelikepink I like Scorpions, Guns, Ac/dc, I downloaded u playing Yesterday cause C'mon it's Beatles
635967581627650048	ac/dc	positive	Angus Young's cap flew off six songs into AC/DC's set on Saturday at Gillette Stadium, but the guitarist didn't... http://t.co/36PHufBywo
636287426235924480	ac/dc	positive	I just realized I'm seeing AC/DC tomorrow. Holy shit, I've waited nearly a year for this!
636333501621661696	ac/dc	positive	This time tomorrow AC/DC will be melting my fucking face off along with 82,000 other faces. #acdc #MetLife
636380976432680960	ac/dc	positive	Someone see AC/DC with me tomorrow, I'll buy your ticket
636396611900321792	ac/dc	positive	I can't even begin to tell you how excited I am to go see AC/DC tomorrow http://t.co/APSkCbG9Wx
636518314508976128	ac/dc	positive	The day sure snaps awake when your 1st tune is Back in Black by AC/DC !! Good Wednesday #HR !! #HRMusicShare #HRPositive
636542685214437377	ac/dc	positive	Totally just got reminded I'm going to see AC/DC on the 20th!!! Wooo!!!
636928427082317824	ac/dc	positive	Is there anyone going for AC/DC concert on Nov?
636931785054638080	ac/dc	positive	Just turned on my @pandora_radio and got The Ronettes followed by AC/DC. I just might survive Thursday if this keeps up.
636977259736399872	ac/dc	positive	For sale: one general admission ticket to AC/DC at Downsview Park on September 10th. You will have the pleasure of... http://t.co/jUDNkNCerg
637023375987109892	ac/dc	positive	We're excited to announce that AC/DC tribute band Big Jack will take the main stage at Fall Jam on Sunday September 27th!
637024446360875008	ac/dc	positive	Not Available
637081475070844929	ac/dc	positive	AC/DC concert coming in September 8 at ford field already got me 2 tickets hell yeah! Just need to find me someone to go with ! Center stage
637112539067715584	ac/dc	positive	Marichalar is probably gonna wake me up at 5:30 AM blasting AC/DC tomorrow because it's game day and oh he plays to tu que sabes
637211482787287040	ac/dc	positive	Alex Theriault: AC/DC!! John and Holly are rockin'! All the way to Magnetic Hill to see AC/DC on September 5th!... http://t.co/tX2yciTzJH
637226942668771328	ac/dc	positive	@AnthonyGermain bucket list tour to see AC/DC in Ottawa Thurs.  A friends first trip to ONT he's 52! (His bucket list) I will webcast ya!
637452274655211520	ac/dc	positive	It's Friday night, at home sipping on some Crown Royal Whisky, listening to AC/DC, talking and tweeting with friends.   Life is good!
637809432890576896	ac/dc	positive	I know more about AC/DC concerts than Angus Young probably remembers and I'm only getting to witness it live on Monday. I just
637867653139271682	ac/dc	positive	@Hartleyjustin I'll be in LA sept 27 for AC/DC concert and staying at the Pink Palace. Will be n LA so will check the place out!
637902049967894529	ac/dc	positive	Not Available
638342141572460544	ac/dc	positive	If AC/DC has a really successful show on Thursday, they will get a second show, that bumps one of the One Direction shows.
638358086990741504	ac/dc	positive	Monday tiring you down? Pump it up with some AC/DC cover from the ladies night &amp; karaoke hosted by KJ &amp; DJ Martin... http://t.co/QvO1aJ2Azg
638370183984222208	ac/dc	positive	Entertainment: AC/DC rocks the Big O Monday night * 69 http://t.co/yahyfeIFvj http://t.co/TJyaMT44gc
638374587525238786	ac/dc	positive	Just remembered I'm going to see AC/DC this Thursday lol
638545792047972352	ac/dc	positive	AC/DC tonight...One Direction on saturday, lets get itttttt #BigOsBumping
638683716286464001	ac/dc	positive	@johnhancockcbc This is the field at TD Place as AC/DC gets ready to play on Thursday! @OttawaMorning http://t.co/3rptfPa8Vp
638940182113161216	ac/dc	positive	Less than 24 hours to make your bid for the live auction of 2 tickets to the AC/DC concert this Thursday. Tickets... http://t.co/LUcZWoeheS
639122550287671300	ac/dc	positive	Is anyone going to AC/DC at Ford field next Tuesday?
639151037094469633	ac/dc	positive	Tickets to see AC/DC @downsviewpark on the 10th coming up on #JustASec http://t.co/DN1CZLoct5
639159279715545089	ac/dc	positive	Young or old, rock fan or not, you do not wanna miss AC/DC tomorrow #supershow http://t.co/SZEFg1j02n
639173291958239237	ac/dc	positive	I've been left in the car park. May or may not be rocking out to AC/DC
639438669443502080	ac/dc	positive	This Friday! Start your Labor Day weekend with some Led Zeppelin, Aerosmith, Van Halen and AC/DC! LAVA Rock is... http://t.co/jobDSuOqti
639457875270742017	ac/dc	positive	Strive Recreational Therapy has a few extra tickets for the AC/DC concert at Ford Field, Tues September 8th.... http://t.co/34lpoFLSZc
639537119141175297	ac/dc	positive	In honour of the Big Show we'll play nothing but AC/DC tonight on our shop sound system. Then again, because of the Big Show we may not. ;)
639577639561359360	ac/dc	positive	There's a couple here, the 3rd row from the stage, wearing a tux and long white dress... for AC/DC... Lol ok.
639842757289373696	ac/dc	positive	Burritos with my homegirl Darcy for lunch, hangs with @Signalnoise and MC Nauss tonight, AC/DC tomorrow and a long weekend. #winning
640077457257795584	ac/dc	positive	Is anyone else going to/interested in going to see AC/DC on Tuesday?
640214000156848128	ac/dc	positive	It's cool outside and I've got AC/DC playing inside. This is how you adult on a Saturday night.
640242420228222976	ac/dc	positive	I really wish I was going to see AC/DC this Tuesday...
640356107274207232	ac/dc	positive	@Sky1Ron can you get me back stage for AC/DC on Sept 25th???
640490887861137409	ac/dc	positive	AC/DC is rocking out Perth's Domain Stadium in November... and we want you to be there!  Listen out for the cue... http://t.co/Ycra9z4MJn
640529937481379841	ac/dc	positive	Anxiously looking forward to AC/DC on Tuesday night with Bob Wilson, Kyle Wilson and Kelsey Suisse!  Who else is going???
640860896282046464	ac/dc	positive	Kinda sucks that the AC/DC concert is tomorrow cause I can't wait to see them play, but I don't want to go to school
640867036328009728	ac/dc	positive	Fun week ahead...holiday today...AC/DC concert tomorrow and off to San Diego on Thursday for the Lions opener on Sunday...#funtimes
640893279605796866	ac/dc	positive	AC/DC tomorrow at Ford Field. Someone is going to be tired on the second day of 6th grade. #butitshisfavoriteband \m/ \m/
640950156054142977	ac/dc	positive	@EddieTrunk wish you were at Midway, I would have bought you a beer safe travels Eddie.on way to Detroit for AC/DC tomorrow night! \m/
640954164437237760	ac/dc	positive	Only reason im excited for tomorrow is the AC/DC concert
640960724215439360	ac/dc	positive	My grandma "despises" me going to see an AC/DC concert tomorrow
641018928421060608	ac/dc	positive	Let's see... VaTech/OSU tonight AC/DC tomorrow night NFL kicks off Thursday 5:00 a.m. alarms every morning #startschoolyearoffwithnosleep!
641024188124372992	ac/dc	positive	Not Available
641033718275133441	ac/dc	positive	AC/DC tomorrow with @jamiscoates356 Idek if ill be going to school the next day tbh
641097610040877056	ac/dc	positive	Someone come see AC/DC with me Thursday
641133565728657408	ac/dc	positive	AC/DC with family tomorrow night in Detroit Rock City! LETS GO
641188113268641792	ac/dc	positive	@nbauer10 yep AC/DC tonight at Ford Field then on a plane Thursday to San Diego...
641191685234421760	ac/dc	positive	I can't tell you how much I am looking forward to AC/DC concert with my son in December. Um...OK, I can. Lots.
641255033636454400	ac/dc	positive	Im going to see AC/DC with my dad Thurs night and I only know thunderstruck bc when I played boys hockey we were thunder aka it was our song
641368361343975424	ac/dc	positive	Let's get thru this Epic Tuesday with T.N.T. (AC/DC) by Carles Badal #np on #SoundCloud https://t.co/R96hlA1NaP #tuesday #aftertheholiday
641605506973306880	ac/dc	negative	Guy I'm working with probably disappointed that I don't care he's going to see AC/DC tomorrow
641629245790404608	ac/dc	positive	AC/DC is in Toronto tomorrow and I can't believe I'm gonna miss it
641638855477731328	ac/dc	positive	I wanna go see AC/DC so bad on the 15th.
641182669821358080	amazon	negative	A little worried about Amazon. The collection was meant to go up on Saturday but is still not available.
641186469944651776	amazon	positive	@TheHumbleSage Thanks for sharing this course Gary. :) You may want to check out this blogpost on Amazon ML as well: http://t.co/OyOBwIfDaj
641215923362271232	amazon	positive	Amazon to Release a $50 Tablet   Amazon plans to release a $50 tablet with a 6-inch  September 8, 2015 http://t.co/pMn4qxYB1d Cool Tech!!!
641218935053000704	amazon	negative	E-books in US: prices rise due to deal Big 5 publishers with Amazon, sales down 9.3% (Jan-Jun 15) http://t.co/iaqoUrslrR /v @michaelbhaskar
641242217881948160	amazon	positive	Not Available
641253680365334528	amazon	positive	Also, The Forsaken Comedy is free until Friday!  Pick up From Hell with Love and the sequels from Amazon http://t.co/oWLap47lZ7
641256326736314369	amazon	positive	Not Available
641256781428183042	amazon	positive	Out October 1 on Amazon US &amp; UK. (Thanks for the heads up @thatkiddjoe!) #MockingjayPart2 https://t.co/L83F32XlOl
641262559035830272	amazon	positive	Nice. The Man in the High Castle will be on Amazon Instant on November 20th.
641267504296382464	amazon	positive	Mending the Piggy Bank | 10 FREE Children's Kindle eBooks on Amazon (September 8 Roundup) http://t.co/rzKDbZUpBU
641268293282623488	amazon	positive	DEAL: Nexus 6 Drops to $349 at Best Buy Too: On Friday, Amazon cut the price of the Nexus 6 across the board b... http://t.co/RFBRJADxiy
641274461530927104	amazon	positive	Not Available
641277646056374272	amazon	positive	Good News: @Film_Movement will be releasing us in the US. VOD, iTunes and Amazon from Oct 2nd, DVD Dec 1st - all under a new title: AMOROUS
641283236929269761	amazon	positive	I'm so bored in 2nd I just bought some stuff on Amazon
641286935772708870	amazon	positive	While software may be eating the world, Amazon appears to be eating everything. Amazon Prime will soon include free restaurant delivery.
641287889112928256	amazon	positive	Amazon may intro a 6-inch, $50 tablet - half the price of its current low-priced model, for the holiday season
641303378719543296	amazon	negative	Aw man!My pre-ordered Blu-Ray copy from Amazon doesn't get here until the 14th!I should have just gone to the store! https://t.co/86ng9gtUMJ
641307848568344577	amazon	negative	Not Available
641309506748682240	amazon	positive	@TravellousWorld Nice to meet you on Twitter! Anything Amazon travel related you may need, we're here :) !
641312202528567296	amazon	positive	Yes, highly recommend "Curiosity" by Amanda - get it on Google Play, Amazon or other outlets.  https://t.co/B4sbFe14xO
641323600822304768	amazon	positive	@BiteThePain I ordered it from Amazon, should have it by Friday.
641330241965789184	amazon	positive	Preview "Suite 12" on Amazon and check out the album tomorrow! #urbanartsent #1smrecords #doingjusticeishine http://t.co/HKC5T0VQKE
641338441024712705	amazon	positive	New Release September 9th which is the prequel to Complicated Love Affairs by Yolanda Dumas available on Amazon. http://t.co/wJSUQwE0t1
641342271833534464	amazon	positive	Amazon may sell $50 tablet with 6-inch screen during the Holiday Season http://t.co/bBGjtZ3MSb
641350001637982209	amazon	negative	ordered my back pack off of Amazon 3 weeks ago and it turns out they lost my package and school starts tomorrow #sick
641357094654885888	amazon	positive	Amazon may be cooking up a $50 tablet The Internet giant is reportedly working on new Fire tablets for the... http://t.co/yRmqFq3PxN
641357479692009472	amazon	positive	I want this. And yes, I'm playing on Amazon instead of reading for class tomorrow. Because my head is spinning. http://t.co/tCqn6T2KEv
641358180711206915	amazon	positive	#RT The 3rd book in The Viking's Apprentice series has been released. Amazon users get it here http://t.co/0pJjo6xXN7 #amreading
641361087766528000	amazon	positive	@Alex_Olney Was going to but then GAME had to go crazy whacko so I'll probably see if Amazon still has the amiibo ed. in stock tomorrow.
641365273417662465	amazon	positive	Anyone used @googleexpress? Not sure if $95 a year for next day is worth it. Think Amazon may have more choice. Cool to have option though.
641368424145387521	amazon	negative	For anyone who lives in the UK &amp;has ordered Shay's book from Amazon, it isn't available for release day delivery so it won't come on the 6th
641370873757335552	amazon	positive	CNET Update - Amazon may be cooking up a $50 tablet  Oh My God! Welcome back @BridgetCarey I missed you so much!! http://t.co/kRWg3EQjez
641372583892422657	amazon	positive	Not Available
641378494757400576	amazon	positive	@scott_trudi @seanflanery You have to put it on your Easter list: Release date is April 5th 2016. You can preorder on Amazon.
641380820180172801	amazon	positive	Adventures of Thor,  Bath Time. 2nd  children's book coming soon to Amazon. It's about a cute beagle and bath time. http://t.co/gRhsRLeCZM
641385971460648960	amazon	positive	Need S10 but will probably wait until around Black Friday since it would be just $10 in stores and on Amazon.
641400128612511744	amazon	positive	It was through a 3rd party seller, which I thought to be a trustworthy company as to why I bought it. So hoping Amazon can help me out here
641400681597939712	amazon	positive	Amazon #PreOrder is #Live for Vivid!! Go Pre-Order your copy and have it on your kindle October 11th!  Amazon US:... http://t.co/ThdThD507V
641403375972552704	amazon	negative	@LikChan Nice! I have the bottom two! Where have you been getting yours? (I paid exorbitant Amazon 3rd party seller costs for Xenoblade)
641403775442362368	amazon	positive	CINCH YOUR SADDLE is live on Amazon!  Only 99 cents until tomorrow evening.Thank you gift! http://t.co/J5t7LzjquS http://t.co/MOO1hUsmIQ
641404820855914496	amazon	positive	Happiness cause Amazon just notified me that my Bluray version of Gotham will be here tomorrow!
641405573007708160	amazon	positive	Not Available
641407598084923393	amazon	positive	@jurxssicpratt i just ordered one from Amazon it'll be here on Friday let's fucking rOLL
641407753383227393	amazon	positive	OMG!  See you on Amazon! https://t.co/uU7yfD5O6E
641426301845393412	amazon	positive	Somewhere, my mother just sat straight up in bed. "Is that...a cowboy hat? ARE THERE BABIES INVOLVED?" ::she desperately clicks on Amazon::
641426934426013696	amazon	positive	I'll make these available on Amazon tomorrow as well! http://t.co/4mXBrJRTS9
641462939090817024	amazon	positive	Had this new planner on my wish list on Amazon.. Let's just say it's on the way and will be here Friday :)
641469518846496768	amazon	negative	@eckoxsoldier For some reason Amazon app store had the update on the 5th or for some reason my mcpe updated to 0.12.1 back on the 5th!!!!!!
641472127665864704	amazon	negative	Amazon's refusal to integrate nicely with the Android ecosystem may have been its undoing in the Fire phone market.  http://t.co/6mBZz0eazc
641476313761611776	amazon	positive	Amazon is offering free two hour shipping or 7.99 one hour shipping. I'm going to have to try this out tomorrow.
641487529703817216	amazon	negative	Author: IF I've EVER reviewed your book, grab a screen cap NOW! Amazon may pull it down. http://t.co/jA1RTUZlBp http://t.co/hs0Lox27ez
641499203730960384	amazon	negative	My Amazon package was supposed to be delivered today by 8pm. Guess that means I'll get it tomorrow before 8pm?
641499463316582400	amazon	positive	ROSES ARE RED just received its 10th review on Amazon! DOUBLE DIGITS! :D... http://t.co/9Yo4yVnzSF
641503123119341568	amazon	negative	Damnit Amazon! When you say you're going to ship something on the 8th, I expect it to ship on the 8th!
641506752848990208	amazon	positive	; A; impulsively bought a docking station for my laptop 'cause I needed one and amazon said it would arrive tomorrow if I ordered now
641509564937076737	amazon	positive	@auroretrav2014 ((I feel you may have a date with Amazon today!))
641510138235367424	amazon	negative	@AmazonHelp You may please check my pending complaint with Amazon for which I write many emails and called customer care.
641512481647517696	amazon	positive	Not Available
641514019304697856	amazon	positive	New wish list on Amazon.  Hoping to get on @chaturbate tomorrow during the day ;) http://t.co/1PJi1AeCfY
641525132738039808	amazon	negative	@Monomirror JELLY. Mine won't be here until Friday because Amazon are tight with shipping dates :(.
641540897243561985	amazon	positive	I ordered a 64GB Nexus 6 from Amazon a couple days ago. It just shipped and should be here on Thursday!
641566947566616576	amazon	positive	@adams0421 Thanks! Make sure you snag a copy from Amazon or your local shop so you're ready for issue 11 in November :)
641597227652280320	amazon	negative	@VofEscaflowne this is the exact reason why I don't preorder Friday releases from Amazon. They always push it back to the Monday delivery.
641611227765080064	amazon	positive	@mcelhearn Thems the breaks. I may have made more $ from the Fire Phone than Amazon did. ;)
641621763126902784	amazon	positive	Email from Amazon this morning tells me the new @thebenshi book will arrive on Tuesday!  Looking forward to the #narrative on #science
641626377142169601	amazon	positive	Amazon Hiring Fair: $11.25 hr. with a shift differential - Free Transportation - Benefits September 10th 2015... http://t.co/DXSsyXcPD5
641629066223833088	amazon	positive	amazon: http://t.co/bS0inFfjok Listen to ad free music online with Amazon Here http://t.co/9Y3QhDQVHB and sign up for free
641632441665347584	amazon	positive	@AUThackeray You may check with Amazon for Kindle as it's screen is glare free and can be read in Sunlight too.
641636086398087170	amazon	positive	Can't wait! I'm so happy I can sub on Amazon to see it!  https://t.co/idkKtz2IGQ
641647937236373504	amazon	positive	As Apple goes bigger/expensive on Tablets, I had a nice chat with @KatieGBurke about Amazon going smaller/cheaper https://t.co/HwE8yZ5Ul7
641648591279378433	amazon	positive	Congratulations to Jessie, for winning the July/August challenge! A $250.00 gift card to Amazon! Great job Jessie!!! http://t.co/GN5ZeuWjD7
641649190355996672	amazon	negative	Amazon rainforest: Lungs of the world has lost a 10th of its trees in 5 decades http://t.co/Ox3QzWX65P
641651845421768704	amazon	positive	Thats what I did with mine. I scoured Amazon for months and found a deal just like that and snatched it up so fast. https://t.co/QsooHxmirg
628810212095475712	amazon prime	negative	Trying to watch Any Given Sunday on Amazon Prime and there's big chunks of the film cut out
628854701858099200	amazon prime	positive	Good to see @eamonngriffin new book available in hard copy.  Amazon Prime bringing it tomorrow.
628885558488637440	amazon prime	positive	On the ball, @Amazon: 2 emails today announcing that Clarkson, Hammond and May are to make a series about cars for Amazon Prime! Who knew?
628925899929313280	amazon prime	positive	I have discovered that Bobby's World has unlimited streaming on Amazon Prime. I may or may not be watching it while I'm on the bike.
629069918315544580	amazon prime	negative	Heads up: An important change to Amazon Prime effective August 1 will limit how you can share free P... http://t.co/BndStpoVJq @debtblag
629122242236932096	amazon prime	negative	I'm bummed with Amazon Prime right now. I ordered something and it was supposed to be delivered today, but it wasn't and I leave tomorrow :(
629231802469732352	amazon prime	positive	Hammond, Clarkson and May have signed with Amazon Prime http://t.co/MMxlghe3Ja via @wordpressdotcom #AmazonPrime #Hammond #Clarkson #May
629541944063074305	amazon prime	positive	@DailyJulianne But if I need a power adaptor that may be my next Amazon Prime buy tomorrow...tbh the luggage alone was stressful enough.
629606784706195456	amazon prime	positive	Amazon Prime summary: great if you order loads of stuff, Sunday delivery, home essentials with Now. Prime video is a nice bonus.
629739536801771520	amazon prime	negative	Not Available
629747510442098689	amazon prime	positive	I just cried at the Amazon Prime advert with the boy in the Superman outfit. Wild Friday night
629750527560142848	amazon prime	positive	Anyone seen these? Just stumbled across them on Amazon Prime. looks like I may have just planned out my Friday night. http://t.co/lqQtv9cLOI
629984420049592320	amazon prime	positive	Transparent is a good show, recommend it! On Amazon Prime though so if you don't have it you may have to locate another means of watching :P
630016985909358592	amazon prime	positive	Thought BBC lost @ripper_street to Amazon Prime but delighted to see it back on TV for 3rd series. Period detective drama at its best!
630362430535782400	amazon prime	positive	Not Available
630374444830171137	amazon prime	positive	Amazon Prime is pretty nice :D ordered my cousins bday presents Friday and they're already in the nearest usps location.
630556126191325184	amazon prime	positive	@LadayKay @IMFletcher2 If you have Amazon Prime, it may be for you. Best Buy is dropping the cost of the Fire Stick, I hear.
630801838544031744	amazon prime	positive	@TADAMZZ Those are some big words, I'm hyped. I'm getting it tomorrow, Amazon Prime is a beautiful thing.
630939756440846337	amazon prime	positive	Ahhhhh I'm getting a turntable tomorrow! Shouts to Amazon Prime one day shipping!
630949831817605120	amazon prime	positive	@BaltanII Risers will help for sure I think, just got a couple sets from Amazon Prime due tomorrow to see if I like them or go elsewhere
631808336032366592	amazon prime	positive	Just in time since we are almost done with the Justified Series on Amazon Prime.  &lt;g&gt; https://t.co/P2mV963TuA
631863912976252928	amazon prime	positive	@stephaniepratt Made in reality ordered from Amazon Prime - I'll have it tomorrow !!! Cant wait exciting timesxxxx
631954824100102144	amazon prime	negative	I'm kind of confused why my Amazon Prime stuff that shipped today isn't coming until the 19th-24th. That's certainly not two days.
632005394106331136	amazon prime	negative	@beyonseh I have Amazon Prime which is supposed to be like 2-Day shipping but it says mine won't be here till next Tuesday :/
632192537156042756	amazon prime	positive	This just in, new car show on Amazon Prime to be called "2nd Gear"! Cheers to @JeremyClarkson and company!
632262593889984512	amazon prime	negative	"Arriving Tuesday" is decidedly the least Prime my Amazon Prime shipping has ever been. Wha happen?
632416925348294656	amazon prime	negative	Not Available
632436722324783104	amazon prime	positive	This is on Amazon Prime! Can't wait to see it tomorrow!  http://t.co/i2iqRNdF4V
632569836049141761	amazon prime	positive	Related: spending my Saturday watching the original Man From U.N.C.L.E. on Amazon Prime because HOW HAVE I NOT DONE THIS BEFORE??????
632584620811395073	amazon prime	positive	@KingsHillChat love Amazon Prime just placed an order and it will be here by lunchtime tomorrow. Great for impatient shoppers like me.
632648782199554049	amazon prime	positive	Thanks to Amazon Prime I have a new phone case coming tomorrow. I don't want to do what my momma did and drop it and smash the screen.
632658096150716416	amazon prime	positive	Nice: @BrandRepublic 2nd spot in Amazon Prime's #TV #campaign shows next day delivery coming to rescue of a lame #dog http://t.co/8Blxhg0SV7
632670282025668608	amazon prime	positive	Not Available
632730639507197952	amazon prime	positive	@misanthropester @go4abe 3rd Bass documentary going straight to Netflix and Amazon Prime
632911254957350912	amazon prime	positive	Ordered pair of cardboard cutters Friday on Amazon Prime arrived at my house at 3:32 this morning. I trust the drivers are getting paid well
633021033281388544	amazon prime	negative	The ONE time we want to use the Amazon Prime streaming and it's down... grrr ruined my Sunday night! @AmazonUK
633405121976778753	amazon prime	positive	@myk_saiten That's a great movie. It's on Amazon Prime too. I watched it for 3rd time last night.
633621678392770560	amazon prime	positive	Decided to make the most of my Amazon Prime, by seeing what all the hype about #RayDonovan is about. 1st episode is heavy going..
633679857331908608	amazon prime	positive	If you haven't seen @iambigbirdmovie from my husband @chadnwalker, catch it on Amazon Prime starting Sept 5th! http://t.co/gjOyPozJZT
633827911972356096	amazon prime	positive	@JustopolisTv Um, I may or may not have bought the first season on Amazon Prime and am kind of excitedly freaking out right now.
633838929767211008	amazon prime	positive	And lemme tell you why my Amazon Prime addiction is real. I COULD go to the store to purchase an umbrella, but Im online. Delivery tomorrow.
633839875989590017	amazon prime	positive	Yeah, that's pretty real. Amazon Prime is that crack! Hopefully it won't rain until they deliver it to you. Lol https://t.co/YRzygSrRky
634134662621691904	amazon prime	negative	Great, my cables have now been bumped from being delivered today to friday. Thanks Amazon Prime, really feeling the worth here.
634738654175342592	amazon prime	positive	Did I miss something?  Just placed an order from Amazon Prime with free 2 day delivery and got a guaranteed date of Sunday?!?
634789226140139520	amazon prime	negative	Ordered 3 Amazon Prime items yesterday. One will arrive Saturday (2 days!), another Sunday (3 days?), the third on Tuesday (5 days???).
635106856612925440	amazon prime	positive	Making sure I get the most use out of my Amazon Prime account is my Saturday morning ritual.
635230466329681920	amazon prime	positive	Just got my The Great Unknown  download Free on Amazon Prime! Sounds great!!! @ThisIsRobThomas it  just may be my new favorite CD!
635669962074554368	amazon prime	negative	Yeah, I know it's Sunday delivery &amp; whatnot - and who else does that?! - but my Amazon Prime package is 3 and a half hours late... So far...
635844755356819456	amazon prime	positive	@HeatherSolos @gameofkittens Amazon Prime should have it here by Wednesday. Squee!
635867899173957634	amazon prime	positive	*counts down the days until October 6th and blesses Amazon Prime shipping* @JillShalvis
636391115034333185	amazon prime	positive	As he stared at his monitor, the decision to puchase Amazon Prime was suddenly an easy one for Steve Sarkisian https://t.co/pql6rXVmle
636597885103153152	amazon prime	positive	Im in the mood to watch Next Friday but Netflix don't have it. Let me check on Amazon Prime
636613774259064832	amazon prime	negative	Not Available
636698611867385857	amazon prime	positive	@MrsAshRick I used Amazon Prime to get Harper a Pete the Cat shirt :) Wish she could have it in time for the Pete the Cat parade tomorrow.
636699757231083521	amazon prime	positive	I don't have cable, so I'll catch up with Suits via Amazon Prime tomorrow.
636702823577612288	amazon prime	positive	@HurricaneDana If you have Amazon Prime, you can stream the first 2 seasons. I was hooked 1/2 way through the 1st ep.
636712645568163842	amazon prime	negative	Finally broke down and got Amazon Prime and the delivery on my 1st purchase as a member is late. @amazon I was expecting better.
636770930019053568	amazon prime	positive	from September 2nd in Japan: Netflix, Amazon Prime Video + Hulu and all the other streaming services already operating. Which one to choose?
636904941328728064	amazon prime	positive	Sneaky Pete on Amazon Prime! Loved the 1st episode! #sneakypete https://t.co/uUuZac3g64
636956939008786433	amazon prime	positive	Ordered some stuff off Amazon for the stream! should be here Saturday because of my free Amazon Prime trial that expires tomorrow.
637039838580113408	amazon prime	positive	When you're sick of waiting for a book to come in from BN so you ask your husband to order it via Amazon Prime. Yup. Getting it Saturday.
637209631027261441	amazon prime	positive	Treat yourself to TabletTV this Bank Holiday. Order today with Amazon Prime and you could have it tomorrow. http://t.co/WrSnRzLWI2
637222123476533248	amazon prime	negative	Aftr network drop Amazon prime streaming deal for 2 more years make the show unsignable for 3rd season by anybdy but amazon.
637453598734057472	amazon prime	positive	Friday the 13th The Series is on Amazon Prime. See you all Monday
637722386683424768	amazon prime	positive	Just had my 1st experience with Amazon Prime. Holy. Crackers. Amazing.
638013081818415104	amazon prime	positive	I just found Quest for Camelot on Amazon Prime. My Sunday afternoon is complete
638027598707167232	amazon prime	positive	Not Available
638209440785805312	amazon prime	positive	Tonight I spent 20 minutes looking for someone with Amazon Prime so I could order a Ouija board for Friday without my mom finding out #adult
638390556675194880	amazon prime	positive	The 1st season of Hand of God, with @perlmutations, will be available 9/4 on Amazon Prime.  WTG @perlmutations!!! Loved you in Blacklist!
639067023054651392	amazon prime	positive	If you are a frequent flier, you may want to finally get that Amazon Prime membership... http://t.co/eHXGq4I85B via @UPROXX #Flying #Amazon
639111212870037504	amazon prime	negative	Amazon Prime fucks me off so much, like you get really into something and then after like the 3rd season you have to pay. FUCK OFF.
639121032830394368	amazon prime	positive	2 days until #HandofGod arrives on Amazon Prime. We'll have a review for you tomorrow. Until then, here's a trailer: https://t.co/GX2dj7mTUe
639228849704804352	amazon prime	positive	Grocery delivery services Instacart and Amazon Prime Now to the test in this Does it Work Wednesday: http://t.co/530E2CKNZ1
639679594757533696	amazon prime	positive	@Lizzlie WHSmith I think? Or an Amazon Prime account would get it there by tomorrow
640278345461141504	amazon prime	positive	Yes that's right @BBC close down your best channel why don't you? You're not meant to be Netflix or Amazon Prime. https://t.co/lGjY1zGkaV
640446365731057664	amazon prime	positive	Amazon Prime deliver on a Sunday...just saying...
640751933171597313	amazon prime	negative	Somebody remind me to cancel my Amazon Prime trial membership before the 30th so I don't get charged for the year.
640882391960129536	amazon prime	positive	Munchkin Steam Guard Electric Sterilizer $16.64 @ Amazon Prime only  May not be the best Steri http://t.co/awMatTyP6K http://t.co/nz7m1a9LRp
640896835234701312	amazon prime	positive	The new episode will be up on Friday but you can prepare by watching @Madonna dry her pits for free on Amazon Prime. http://t.co/PqzgM739gp
641050683731496960	amazon prime	positive	See how cute she is on her day off? I spent my day off in my pjs watching the 1st season of Survivor on Amazon Prime http://t.co/wns6D1ZTiU
641274412629553152	amazon prime	positive	@strawbsoda I just got Amazon prime last night and ordered a new mouse pad, and it's gonna be here TOMORROW woo
641284529982959616	amazon prime	positive	@mwVme we've got a 2nd gen roku and really enjoy it. same here with Netflix and Amazon Prime
641286935772708870	amazon prime	positive	While software may be eating the world, Amazon appears to be eating everything. Amazon Prime will soon include free restaurant delivery.
641323432186089473	amazon prime	positive	Judging by all the book-sized packages awaiting her arrival tomorrow, our local indie bookshop owner is an Amazon Prime member. #awkward
641354192422989824	amazon prime	positive	Since it's free on Amazon Prime, I'm gonna watch Teenage Mutant Ninja Turtles now. May the gods have mercy on my soul.
641367727270174720	amazon prime	positive	Dont be on Amazon Prime at night. Amazon Prime is the new Home Shopping Network.You mess around &amp; have 7 blenders at your door on Thursday.
641418634770825216	amazon prime	positive	@mjrhcpfan4life I'd just order it from online then. If you have Amazon Prime, you'll have it by Friday.
641648879646175232	amazon prime	negative	Amazon prime is literally a lie....I ordered a book LAST MONDAY &amp; it still isn't here. do better @amazon
621334741221048320	amazon prime day	positive	For any Amazon Prime members, today is AMAZON PRIME DAY! Which is said to be bigger than Black Friday. If you are... http://t.co/jIZZ5tQyuq
621335034859925504	amazon prime day	positive	**If you love a great deal-- don't forget Amazon Prime Day is today!    They have "Black Friday" type deals.  I... http://t.co/Tp8LQYoLzG
621338343746355200	amazon prime day	positive	Shop on Amazon Prime Day with us!  More deals than black friday, and 7% goes back to patients http://t.co/H5vMpMz3gg
621339506529054720	amazon prime day	positive	It's AMAZON PRIME DAY  -- they say it's better than  BLACK FRIDAY so enjoy! http://t.co/sLkWG5d8fZ
621340194382475264	amazon prime day	positive	It's Amazon Prime Day using the Autism Sprinter link, it's a new as good as getting deals on a Black Friday!!... http://t.co/1jOvC3C8zf
621340584804888578	amazon prime day	negative	Amazon Prime Day is just like Black Friday if you only buy bulk protein powder and will-making software on Black Friday.
621341016587698176	amazon prime day	positive	Today is "Wishlist Wednesday!"  It also happens to be Amazon Prime Day...get to it: http://t.co/BRsTDbinPI
621342283703693312	amazon prime day	positive	Amazon says it's offering more deals today than Black Friday. 8 tips for taking advantage of Amazon Prime Day: http://t.co/535p9N7iYj
621345130700615680	amazon prime day	positive	Amazon Prime Day, July 15th All Day, One Day Only Lots of good deals, check it out #happyprimeday... http://t.co/C56fTxkj3E
621346870686826496	amazon prime day	negative	I was really excited for the Amazon Prime Day sale, but everything is garbage. Better than Black Friday my butt!
621347496103514112	amazon prime day	positive	Not Available
621351052047028224	amazon prime day	negative	Amazon Prime Day Disappoints Some Shoppers: Amazon Prime Day promised 24 hours with "more deals than Black Fri... http://t.co/IC2k72pSXV
621351167394729984	amazon prime day	positive	Amazon Prime Day is here! More deals that Black Friday! Check it out. http://t.co/XHQLLXiVq7
621351900311478272	amazon prime day	negative	Amazon Prime Day its better than black friday if you are into buying useless crap. This "sale" isn't worth having Prime at all.
621354798126764032	amazon prime day	negative	Not Available
621355228009472001	amazon prime day	positive	WOOHOOO! They have released a list of the sneak peek deals for Amazon Prime Day tomorrow! Cheap Nikon Cameras,... http://t.co/iFxPpGGs8d
621357165211742208	amazon prime day	negative	This Amazon Prime Day thing is just like Black Friday, if you ignore the part where Amazon didn't put anything you want to buy on sale.
621358259933462528	amazon prime day	positive	It's #Wishlist Wednesday! Amazon Prime Day is in full force and CNET is keeping an updated list of the best deals. http://t.co/f5adaGJNMN
621359167974961153	amazon prime day	negative	Is it just me, or is Amazon Prime Day less Black Friday and more your weird neighbor's garage sale?
621360556868521984	amazon prime day	positive	Happy 20th Birthday Amazon! Amazon Prime day is bigger than black friday! Support QCHF, save money, and feel... http://t.co/VQAymDOG8N
621365073701810180	amazon prime day	positive	Amazon Prime Day is today-more deals than Black Friday. Eligible #AmazonSmile purchases earns us 0.5% when you shop https://t.co/rcF4T9Qmjp
621365125623189504	amazon prime day	negative	Not Available
621366451421622272	amazon prime day	negative	24/7 Wall St- Was Amazon Prime Day a Dud?: Everybody was watching to gauge the impact of Wednesday's Amazon Pr... http://t.co/1AUaJhXUIA
621375187255083008	amazon prime day	positive	Today only is Amazon Prime Day, which offers more deals than Black Friday! If you plan to shop, don't forget to... http://t.co/NAr3TbYeMd
621392677519540224	amazon prime day	negative	Amazon Prime Day disaster